N,Voters,Tellers,Threshold,Setup,Voting (avg.),Tallying (Mixing),Tallying (Decryption),Notification,Verification (avg.),Coercion Mitigation,Individual Views
1,1000,3,3,0.000449419,0.009200705,42.37916136,5.144536495,0.607772112,0.00538862,0.000713587,13.44774628
2,1000,3,3,0.000438008,0.008044888,41.95798373,5.111767769,0.610758066,0.005306351,0.000718355,13.33070612
3,1000,3,3,0.000442743,0.008059276,42.24705029,5.197747946,0.594442844,0.005341185,0.000721216,14.00740218
4,1000,3,3,0.000444174,0.007993016,42.11222386,5.175525904,0.591157675,0.005240726,0.000709057,13.60139346
5,1000,3,3,0.000443459,0.008049025,42.36855388,5.148849249,0.595349789,0.005346,0.000708342,13.67199206
6,1000,3,3,0.000445127,0.008027788,42.77218461,5.169916868,0.638255358,0.005513209,0.000712872,13.58630395
7,1000,3,3,0.000447989,0.008027346,41.79619503,5.219483376,0.747613907,0.005272373,0.000711441,13.33847642
8,1000,3,3,0.000451088,0.008259219,41.7355206,6.438860655,0.8362391,0.006092079,0.000712395,15.1920495
9,1000,3,3,0.000448227,0.010994169,42.20245385,5.977038145,0.701326609,0.005811817,0.001352787,14.86039686
10,1000,3,3,0.000437737,0.008659502,42.48174882,6.056510448,0.646540165,0.005876564,0.000706434,15.87122321
11,10000,3,3,0.000449657,0.008935959,1514.737399,32.28578305,8.44273591,0.029643492,0.000756741,233.428005
12,10000,3,3,0.000448704,0.008920778,1552.728022,35.86365342,10.84377646,0.031488102,0.000769377,267.2283661
13,10000,3,3,0.000457287,0.009291027,1557.391613,33.51617289,8.948950768,0.032993956,0.000771046,269.5004625
14,100000,3,3,0.000489798,0.019838497,6846.342453,1096.456274,15.37583745,0.374285753,0.000647383,3641.748378
15,100000,3,3,0.000476432,0.015693835,6931.837469,1091.830235,12.45632588,0.345032783,0.000692042,3429.289525
16,100000,3,3,0.000478741,0.012507548,6882.520581,1088.673921,14.25753562,0.332869252,0.000682082,3423.435124
1,50,3,3,0.000444651,0.008750978,1.610769033,0.662990332,0.024060965,0.001006732,0.000791073,0.425323963
2,50,3,3,0.000467062,0.009077792,1.32722044,0.544090033,0.023151159,0.00100575,0.001252174,0.484701633
3,50,3,3,0.000443697,0.008775225,1.324837208,0.549884319,0.023110151,0.001015544,0.000783205,0.40345645
4,50,3,3,0.000468731,0.008562136,1.343559027,0.552642822,0.023180246,0.001002421,0.000783205,0.40190053
5,50,3,3,0.000495195,0.009022903,1.331180811,0.55319047,0.026829243,0.001087193,0.000783205,0.404804468
6,50,3,3,0.000641823,0.008985481,1.342473507,0.531353712,0.023223639,0.001003423,0.000793457,0.418056011
7,50,3,3,0.000446796,0.009040055,1.365285873,0.5367167,0.022891283,0.000997276,0.000808716,0.446341515
8,50,3,3,0.000505686,0.009112349,1.346011877,0.546792746,0.023627281,0.001005712,0.001187325,0.417202711
9,50,3,3,0.000442505,0.008924932,1.324909687,0.550584078,0.022925377,0.001001987,0.000795841,0.403560877
10,50,3,3,0.000534534,0.008742328,1.328320265,0.538822651,0.028517723,0.001100988,0.000784159,0.410149574
11,50,3,3,0.000447035,0.009056854,1.393241882,0.52791357,0.023359299,0.001024485,0.000778198,0.422749043
12,50,3,3,0.000453234,0.009118414,1.353259325,0.534111977,0.023233414,0.001048675,0.000875235,0.427429199
13,50,3,3,0.000460863,0.008740745,1.326388597,0.626536846,0.023224831,0.001009235,0.000794649,0.410023212
14,50,3,3,0.000444412,0.008579502,1.320369482,0.546880484,0.023322344,0.001023865,0.000806808,0.403708458
15,50,3,3,0.000517845,0.008591056,1.320866585,0.542756796,0.026345968,0.001061521,0.000787258,0.408983469
16,50,3,3,0.000463009,0.00929081,1.369512558,0.531672239,0.024264574,0.001054087,0.000796795,0.437001467
17,50,3,3,0.000473499,0.009099236,1.331280708,0.610842466,0.023082972,0.00105217,0.000820398,0.421317816
18,50,3,3,0.000448465,0.008894196,1.319644451,0.545307636,0.023532867,0.001004286,0.000786543,0.403943062
19,50,3,3,0.000448465,0.008639202,1.330873251,0.545271397,0.023139715,0.00100831,0.000787735,0.408602715
20,50,3,3,0.000473261,0.009072113,1.338661432,0.625901937,0.03387928,0.001105475,0.000791311,0.407398224
21,50,3,3,0.000686646,0.008787346,1.676487923,0.555580378,0.023322582,0.001021996,0.001066685,0.415613174
22,50,3,3,0.000443935,0.008754897,1.347877502,0.54416728,0.023793697,0.001022706,0.000808716,0.409050941
23,50,3,3,0.000453949,0.008610158,1.353888035,0.539117575,0.024589539,0.001109877,0.000786543,0.403553724
24,50,3,3,0.000469208,0.009075761,1.345067024,0.535464048,0.023709059,0.001089196,0.000792027,0.424067974
25,50,3,3,0.000468731,0.009327874,1.345376492,0.536534071,0.023285866,0.001004462,0.000816345,0.427030325
26,50,3,3,0.000464439,0.00881927,1.329170942,0.556162834,0.023670435,0.001016831,0.000790358,0.407941103
27,50,3,3,0.00043869,0.008736968,1.332113028,0.545193434,0.02324295,0.001014462,0.000805855,0.405134678
28,50,3,3,0.000449419,0.008636117,1.32830143,0.542103767,0.028745413,0.00120532,0.000804663,0.410788059
29,50,3,3,0.00047183,0.009071798,1.337584972,0.536800623,0.024427891,0.001060257,0.000803709,0.425122261
30,50,3,3,0.000453472,0.009127173,1.347429991,0.53916955,0.024610519,0.001051059,0.000802279,0.425357103
31,50,3,3,0.000452995,0.00879631,1.327142954,0.550424814,0.024430275,0.001072326,0.000797272,0.416282177
32,50,3,3,0.000446558,0.008614345,1.334174871,0.556573153,0.025420904,0.00106977,0.000788689,0.405906916
33,50,3,3,0.000532866,0.008658919,1.330575228,0.554111004,0.026859999,0.001177244,0.000794649,0.413131475
34,50,3,3,0.000448465,0.009056625,1.337922096,0.532415628,0.025497675,0.00105269,0.000788689,0.430107832
35,50,3,3,0.000437498,0.009105124,1.32623291,0.566042423,0.025474072,0.001074781,0.001062155,0.430823803
36,50,3,3,0.000435591,0.008688879,1.443600178,0.563904047,0.025649309,0.0010746,0.001357794,0.411825895
37,50,3,3,0.000433207,0.008608017,1.324628592,0.551258326,0.025591612,0.001057029,0.000782013,0.405386448
38,50,3,3,0.00045085,0.008647833,1.333750963,0.555495977,0.028986454,0.001195502,0.000791311,0.409788847
39,50,3,3,0.000456333,0.008893061,1.335576773,0.537399769,0.025546074,0.001189966,0.000815392,0.424410105
40,50,3,3,0.000451803,0.00956738,1.350651741,0.542451859,0.025356054,0.001102443,0.000793219,0.431040049
41,50,3,3,0.000457287,0.009237185,1.330706358,0.541312218,0.02531743,0.001058331,0.000959873,0.421809673
42,50,3,3,0.00043869,0.008815551,1.318598986,0.560823679,0.025563478,0.001064301,0.001443624,0.415512562
43,50,3,3,0.001049757,0.018488922,1.418856859,0.560365677,0.02601099,0.001092329,0.000801563,0.409231186
44,50,3,3,0.000443459,0.008695126,1.324807644,0.552611351,0.02774024,0.001139989,0.000787497,0.444403648
45,50,3,3,0.000553131,0.008914776,1.334751129,0.534731865,0.024575233,0.001045613,0.000801086,0.421344042
46,50,3,3,0.000460148,0.008989954,1.343870878,0.543296576,0.025586605,0.001071591,0.000796795,0.4261446
47,50,3,3,0.000444174,0.008987451,1.390897989,0.566107273,0.026053429,0.001107383,0.000967503,0.430349827
48,50,3,3,0.00045681,0.008784657,1.326953888,0.55634594,0.02478385,0.001110158,0.000781536,0.406998634
49,50,3,3,0.000447989,0.00864583,1.326508284,0.552260399,0.027263165,0.001093593,0.000784159,0.406186581
50,50,3,3,0.000448227,0.008807874,1.336371183,0.535611153,0.024605513,0.00111186,0.000789165,0.430984259
51,50,3,3,0.00045228,0.009184275,1.34739852,0.534388065,0.025365353,0.001078701,0.000879765,0.490309477
52,50,3,3,0.000477552,0.009289193,1.327567577,0.552404165,0.025418997,0.001064787,0.000800848,0.419822454
53,50,3,3,0.000450373,0.008783021,1.324939013,0.56940484,0.025174618,0.001081734,0.00078249,0.407728434
54,50,3,3,0.000442505,0.008608456,1.357596397,0.588945627,0.028023005,0.001067629,0.000872612,0.406181812
55,50,3,3,0.000447273,0.008660307,1.318569183,0.541718006,0.026481152,0.001124969,0.000809193,0.417918205
56,50,3,3,0.00044775,0.008930984,1.336945772,0.534146309,0.025805235,0.001055684,0.000849724,0.434240341
57,50,3,3,0.000448942,0.009231544,1.340954065,0.541677952,0.025215864,0.001073027,0.001134872,0.435891628
58,50,3,3,0.000442266,0.008754201,1.325102806,0.551842451,0.024552107,0.001062555,0.000822067,0.412086487
59,50,3,3,0.000477076,0.008728437,1.374189615,0.565852404,0.025321245,0.001083765,0.000792742,0.409941912
60,50,3,3,0.000433922,0.008596244,1.327753067,0.542405605,0.027782202,0.001157012,0.000790834,0.405719519
61,50,3,3,0.000441313,0.008975768,1.33718276,0.564476728,0.024178982,0.001063509,0.000794411,0.422846794
62,50,3,3,0.000439644,0.009089351,1.348030567,0.536649704,0.025462866,0.001058555,0.000781536,0.430337667
63,50,3,3,0.00045085,0.00877172,1.330147028,0.553759098,0.024849653,0.001043587,0.000789642,0.419504404
64,50,3,3,0.000450611,0.008634763,1.341212511,0.566653013,0.025231123,0.001084571,0.000784874,0.408419132
65,50,3,3,0.000449657,0.00856524,1.319388151,0.544176579,0.027354717,0.001196795,0.000798941,0.408859253
66,50,3,3,0.000501633,0.009004922,1.341697454,0.532444,0.024665117,0.001089501,0.000787735,0.425237417
67,50,3,3,0.000439167,0.009238706,1.384129286,0.544461489,0.025168896,0.00109179,0.000791073,0.432794809
68,50,3,3,0.000452518,0.008976912,1.338706732,0.577346563,0.025393486,0.001071167,0.000798464,0.42309165
69,50,3,3,0.000449181,0.008681054,1.333172798,0.552793741,0.025187492,0.001057959,0.000785112,0.408782721
70,50,3,3,0.000469208,0.00888196,1.352921963,0.569103479,0.025434494,0.001095462,0.000799894,0.412864685
71,50,3,3,0.000445366,0.009049926,1.335721493,0.566759348,0.025401354,0.001086774,0.000787497,0.41156745
72,50,3,3,0.000454664,0.00873312,1.345472336,0.540198326,0.027549267,0.001135092,0.000781775,0.42156601
73,50,3,3,0.000457525,0.009361796,1.337303162,0.535544634,0.026085138,0.001056399,0.000848055,0.42975378
74,50,3,3,0.000448465,0.009334383,1.345330477,0.570712328,0.025721312,0.001068149,0.00078702,0.438694954
75,50,3,3,0.000451326,0.008882365,1.33009243,0.558290243,0.025859594,0.001068554,0.000820875,0.410709143
76,50,3,3,0.00045681,0.00887125,1.326230764,0.555093765,0.024378538,0.001068478,0.000793219,0.407765627
77,50,3,3,0.000454187,0.008613591,1.331785202,0.543158531,0.02803278,0.001143446,0.000788927,0.408100367
78,50,3,3,0.000745296,0.009124084,1.344231844,0.546139479,0.026395559,0.001093307,0.000788689,0.424705982
79,50,3,3,0.000456333,0.009112186,3.043877363,0.688470602,0.025705338,0.0010958,0.000789642,0.437834263
80,50,3,3,0.00044632,0.008844452,1.325264215,0.543687344,0.025084496,0.001046324,0.001084805,0.412422657
81,50,3,3,0.000466347,0.008600044,1.323925495,0.545561075,0.024306536,0.001044722,0.000793695,0.4041996
82,50,3,3,0.000451803,0.008913555,1.31731534,0.637346745,0.025728941,0.001141162,0.000784159,0.410946369
83,50,3,3,0.000455856,0.008821011,1.373414278,0.638650656,0.050578833,0.001177731,0.000792027,0.452454567
84,50,3,3,0.000468254,0.008551321,1.329539537,0.554286242,0.025709391,0.001072021,0.000801563,0.423962355
85,50,3,3,0.00066185,0.00864089,1.315324306,0.534480095,0.027003288,0.001215763,0.000787973,0.419256926
86,50,3,3,0.000437975,0.008905859,1.334646225,0.550495148,0.025660038,0.001124368,0.000793695,0.442295313
87,50,3,3,0.000442266,0.008899021,1.325041294,0.613398314,0.024221897,0.001069245,0.000840187,0.421983957
88,50,3,3,0.000438452,0.008648558,1.312523127,0.552651644,0.026428461,0.001065364,0.000889301,0.408608675
89,50,3,3,0.000451565,0.008709965,1.317138433,0.549091816,0.026438951,0.001142769,0.000777721,0.418344259
90,50,3,3,0.000448465,0.008744783,1.317800522,0.533924818,0.025987387,0.001135774,0.000776291,0.420634031
91,50,3,3,0.000433207,0.008878856,1.318643093,0.533949614,0.027352571,0.001051159,0.00078392,0.422128439
92,50,3,3,0.00045085,0.008801041,1.354161024,0.552363634,0.025598288,0.001063619,0.000801325,0.409476042
93,50,3,3,0.000451803,0.008617644,1.321324587,0.556297064,0.024304152,0.001070023,0.000791788,0.406177282
94,50,3,3,0.000449657,0.008679147,1.318362951,0.538723469,0.026560068,0.001297555,0.000783205,0.411799431
95,50,3,3,0.000446081,0.008837662,1.340172291,0.535989761,0.027187347,0.001081762,0.000789404,0.421075344
96,50,3,3,0.000441551,0.009114022,1.331870079,0.536020517,0.024751186,0.001052599,0.000834703,0.419280767
97,50,3,3,0.000435591,0.008727899,1.320060253,0.54852891,0.025183916,0.00113297,0.000786304,0.420617819
98,50,3,3,0.000457048,0.008759527,1.419895887,0.565593958,0.025972366,0.001091905,0.000783443,0.411701441
99,50,3,3,0.000441074,0.008697677,1.319074392,0.539692163,0.026863337,0.001124821,0.000819921,0.410583496
100,50,3,3,0.00048399,0.008776894,1.328926802,0.544570923,0.024786234,0.001037011,0.000794172,0.432179213
101,100,3,3,0.000449657,0.008765028,2.695254564,0.977953911,0.046481609,0.001383498,0.000778913,0.827549696
102,100,3,3,0.000459433,0.008788524,2.793868303,1.000104904,0.052706003,0.001331213,0.000785112,0.890351534
103,100,3,3,0.000468969,0.009276912,3.657856464,1.159887791,0.083213091,0.001537979,0.000796556,0.890144825
104,100,3,3,0.000456333,0.008854203,3.267548323,1.06103754,0.06851244,0.001897659,0.00082469,1.001519203
105,100,3,3,0.000519514,0.009853284,2.934596777,1.057208538,0.047100306,0.001256676,0.000853777,0.887511492
106,100,3,3,0.000443935,0.009489875,2.691550732,1.023819685,0.067798615,0.001593847,0.000838518,1.440813065
107,100,3,3,0.000454903,0.011119366,3.942732334,1.402463198,0.074263334,0.001471233,0.001388788,1.045990705
108,100,3,3,0.000811338,0.00916086,3.062824011,1.360789776,0.069074869,0.00177078,0.000784874,0.99371767
109,100,3,3,0.00044179,0.009717629,4.117200375,1.239366531,0.053772926,0.001527767,0.00091815,0.880269527
110,100,3,3,0.000589848,0.012303703,3.297936201,1.0361166,0.07034421,0.001370482,0.000783682,0.868120193
111,100,3,3,0.000446796,0.010571284,3.489721775,1.177471876,0.053295851,0.001540349,0.000794411,0.935709953
112,100,3,3,0.000998259,0.011045182,3.233534575,1.222881317,0.05163312,0.001461499,0.000810146,0.878979921
113,100,3,3,0.000440121,0.008954856,3.003747463,1.086326361,0.050732613,0.001482799,0.000785589,0.877516747
114,100,3,3,0.000460386,0.010126905,2.905861378,1.049116611,0.052977324,0.001302502,0.000824213,0.913199425
115,100,3,3,0.000466824,0.009743626,3.383208036,1.126096725,0.054338932,0.001291544,0.00079155,0.862081766
116,100,3,3,0.000450611,0.008717206,4.163095474,1.257675648,0.05085206,0.001288924,0.000785112,0.889328957
117,100,3,3,0.000451565,0.008929894,3.13394475,1.255636454,0.051395178,0.001284254,0.000792503,0.904863119
118,100,3,3,0.000457048,0.009425635,2.888521671,1.067865133,0.064869404,0.001578205,0.000788927,0.946096897
119,100,3,3,0.000475645,0.011530094,3.244676828,1.532773972,0.055022955,0.001284211,0.000802517,0.856911898
120,100,3,3,0.000435352,0.009221861,4.401252985,1.458300829,0.091206074,0.001438868,0.000787735,0.829437256
121,100,3,3,0.000452757,0.00959094,3.808339834,1.607049704,0.057253361,0.001322846,0.001625061,0.977548122
122,100,3,3,0.000444174,0.009243433,2.860742092,1.042912722,0.053469658,0.00135056,0.000794172,0.878194809
123,100,3,3,0.000442982,0.008857572,2.767517567,1.051255226,0.052545547,0.001318319,0.000791311,0.856589079
124,100,3,3,0.000451088,0.008993719,2.829131365,1.24513483,0.0524652,0.001351271,0.000789881,0.897862196
125,100,3,3,0.000451088,0.00975045,2.826620579,1.084465027,0.054693699,0.001317728,0.000782728,0.917258024
126,100,3,3,0.000546694,0.008897395,2.816109419,1.049947977,0.05176568,0.001403997,0.000794411,0.86805439
127,100,3,3,0.000447035,0.008852391,3.55534029,1.179008007,0.052141428,0.001674705,0.000788212,0.928214073
128,100,3,3,0.000453472,0.008949754,2.742598057,1.098638296,0.066880703,0.001369185,0.000791788,0.864269495
129,100,3,3,0.000513315,0.009241066,3.524511814,1.165385008,0.061804771,0.001375816,0.000816345,0.857715607
130,100,3,3,0.000439882,0.008861425,3.022347212,1.120922327,0.053030491,0.001531665,0.000970125,0.847508669
131,100,3,3,0.000459909,0.008873074,2.830331564,1.065349102,0.052279711,0.001288943,0.00080514,0.905721426
132,100,3,3,0.000455618,0.009251809,2.932363749,1.473673344,0.061570644,0.001355052,0.000791311,1.015888691
133,100,3,3,0.000885725,0.009973669,2.795242786,1.052765369,0.05665946,0.001365254,0.001232624,0.852018595
134,100,3,3,0.000449657,0.009315047,2.828819275,1.051139593,0.052922964,0.001299274,0.000786543,0.981990099
135,100,3,3,0.000453949,0.008892322,2.78167367,1.05927062,0.056146383,0.001343048,0.000789881,0.848471642
136,100,3,3,0.000454426,0.009618161,2.82901454,1.09506464,0.051261902,0.001309853,0.000899076,0.868187666
137,100,3,3,0.000472069,0.009311061,2.781446218,1.126330376,0.057267904,0.00132724,0.000798702,0.868373394
138,100,3,3,0.000445843,0.008927794,3.472375631,1.359190941,0.050266743,0.001282248,0.001061916,0.85605216
139,100,3,3,0.00078702,0.009045863,2.796088457,1.075480461,0.05933094,0.001463044,0.00101757,0.890017271
140,100,3,3,0.000717402,0.010231917,2.934299707,1.114355326,0.056503057,0.001687455,0.000794888,0.865010977
141,100,3,3,0.000440121,0.009098406,2.767426014,1.040989876,0.05154109,0.001300683,0.00083375,0.887122154
142,100,3,3,0.000449181,0.008987367,2.798597336,1.142148018,0.058357,0.001488638,0.000791788,0.844614983
143,100,3,3,0.000455141,0.008848639,2.912929773,1.078803301,0.059924126,0.001323547,0.001112223,0.903424263
144,100,3,3,0.000454426,0.010112386,2.775753498,1.065267801,0.059314966,0.001655726,0.00084734,0.867635489
145,100,3,3,0.000459671,0.008968537,2.843156099,1.082839251,0.054224253,0.001298048,0.000813246,0.890756845
146,100,3,3,0.000452757,0.008809092,2.804171801,1.036726713,0.059313059,0.001454091,0.000791311,0.845939636
147,100,3,3,0.000535965,0.009136484,2.79480052,1.167434216,0.065204382,0.001560123,0.000851154,0.889278889
148,100,3,3,0.000491619,0.00913795,2.717401743,1.16455555,0.060730696,0.001347592,0.000970364,0.850681543
149,100,3,3,0.000437737,0.009056041,2.733258963,1.063701391,0.051762819,0.001302245,0.000787735,0.863720417
150,100,3,3,0.000463009,0.009388492,3.02136898,1.083371401,0.053460121,0.001330178,0.000805855,0.858191729
151,100,3,3,0.000486612,0.008990252,2.742707491,1.04102993,0.051899195,0.001306186,0.000788212,0.863862991
152,100,3,3,0.000454426,0.010343549,3.024695158,1.120656013,0.067338943,0.001387737,0.000884771,0.871137619
153,100,3,3,0.000471115,0.009226291,2.818072081,1.248189449,0.05600071,0.001350982,0.000851631,0.90739584
154,100,3,3,0.000482798,0.00925236,2.796591997,1.436579943,0.112724543,0.003342695,0.000794172,1.110576153
155,100,3,3,0.000484943,0.009282095,2.895239115,1.050830126,0.052423716,0.001307814,0.001111269,0.984585762
156,100,3,3,0.000668764,0.011693258,2.903601646,1.130610943,0.06242466,0.001423092,0.000869513,0.91711092
157,100,3,3,0.000468969,0.00954138,2.956417084,1.403871298,0.067705393,0.001637237,0.001018286,0.970559359
158,100,3,3,0.000487328,0.010575194,4.118612051,1.207904577,0.051771164,0.001281815,0.000796795,0.847129822
159,100,3,3,0.000517607,0.008807154,2.697666407,1.030606508,0.051908493,0.001348772,0.00078702,0.83829999
160,100,3,3,0.000442982,0.008785143,2.850891829,1.296601295,0.050595999,0.001270061,0.000788212,0.839662552
161,100,3,3,0.000439167,0.008759489,2.715005636,1.068457842,0.051410675,0.001280963,0.000787258,0.852119207
162,100,3,3,0.00045085,0.008679497,2.667663097,1.040225267,0.056741953,0.001415279,0.000983238,0.923274755
163,100,3,3,0.001261711,0.010587032,2.740377665,1.022945881,0.050964832,0.001290495,0.000788212,0.842071056
164,100,3,3,0.000770807,0.008746336,2.765630484,1.671862125,0.095923901,0.001333969,0.001449823,1.001874447
165,100,3,3,0.001621962,0.011925635,3.677321911,1.949534655,0.055202961,0.002457831,0.001224041,1.158912897
166,100,3,3,0.000461578,0.009981983,2.752899408,1.033061028,0.051385164,0.001514187,0.000786304,0.883705378
167,100,3,3,0.000468969,0.008802466,2.717138052,1.023626804,0.051373482,0.001295488,0.000801086,0.845767498
168,100,3,3,0.000459194,0.008659704,3.114453077,1.025210381,0.052304029,0.001318078,0.000797033,0.851556301
169,100,3,3,0.000444651,0.008729861,2.699809313,1.031631231,0.051752567,0.001298873,0.000779867,0.846613169
170,100,3,3,0.000553846,0.008624597,2.679037809,1.033064842,0.051555157,0.001289079,0.000798702,0.850973845
171,100,3,3,0.000435829,0.008787572,2.674304485,1.026701927,0.061131954,0.001429186,0.000834942,0.831342936
172,100,3,3,0.000442266,0.008839374,2.707334042,1.016826153,0.05213213,0.001315529,0.000790596,0.848363876
173,100,3,3,0.000449419,0.008760302,2.716846228,1.13362813,0.051422119,0.001279054,0.00103116,0.854110479
174,100,3,3,0.000487804,0.008695569,2.688561916,1.039619446,0.05474925,0.00130199,0.00079155,0.846384287
175,100,3,3,0.000444412,0.008923724,2.684305429,1.031784773,0.058962107,0.001383874,0.000834942,0.842455626
176,100,3,3,0.000461578,0.008855922,2.700327396,1.01907444,0.052387238,0.001312711,0.000795603,0.838860035
177,100,3,3,0.000436306,0.008801038,2.705534458,1.024891615,0.051285982,0.001286221,0.000799417,0.841996431
178,100,3,3,0.000459433,0.008793521,2.688225269,1.021266699,0.051025152,0.001292958,0.000786543,0.847260714
179,100,3,3,0.000451088,0.008766661,2.683497906,1.02415061,0.053739548,0.001407194,0.001420021,0.843324661
180,100,3,3,0.000456572,0.008802016,2.815010309,1.414685965,0.052433968,0.001306467,0.000784397,0.91082859
181,100,3,3,0.000442505,0.008841317,5.027415514,1.122833252,0.052814007,0.001320536,0.000795841,0.85814929
182,100,3,3,0.000468493,0.008897877,2.691955328,1.021788836,0.052489519,0.001303999,0.000789404,0.876538754
183,100,3,3,0.0004673,0.00896229,2.685638905,1.031067848,0.055515051,0.001373031,0.000922203,0.836403131
184,100,3,3,0.000444651,0.008744025,2.674538851,1.008009434,0.056180954,0.00129992,0.000840902,0.837328672
185,100,3,3,0.00045085,0.008967755,3.306682587,1.300982952,0.053219557,0.001315806,0.000787973,0.852242708
186,100,3,3,0.000456572,0.008897979,2.73441267,1.058124542,0.051604509,0.001276219,0.000786781,0.860320568
187,100,3,3,0.000449419,0.008836195,2.919390917,1.03510499,0.059520245,0.001386733,0.00080204,0.840697289
188,100,3,3,0.000483036,0.009386616,2.683080673,1.016298294,0.051083565,0.001294725,0.000792742,0.845384836
189,100,3,3,0.000454187,0.008850267,2.70790267,1.112769127,0.052201033,0.00129045,0.000783682,0.852115393
190,100,3,3,0.00044632,0.008677137,2.682926893,1.017016649,0.051556826,0.001344986,0.000788212,0.839150667
191,100,3,3,0.000500441,0.008811543,2.686702728,1.027646065,0.057811499,0.001319385,0.000793934,0.845465899
192,100,3,3,0.000462055,0.008770316,2.695002079,1.393017292,0.051742792,0.001293011,0.000819921,0.841607332
193,100,3,3,0.000445604,0.008712752,2.676767588,1.027846336,0.053264856,0.001387076,0.000781536,0.82488203
194,100,3,3,0.000450611,0.008794317,2.696145535,1.017661095,0.054539204,0.001330674,0.001395941,0.846982479
195,100,3,3,0.000459194,0.008976717,2.69824934,1.025132656,0.051334143,0.001301763,0.000786304,0.861480713
196,100,3,3,0.00045681,0.008889651,2.7064569,1.025897503,0.052639008,0.001313937,0.000796318,0.848542452
197,100,3,3,0.000485182,0.008611977,2.713552475,1.030549049,0.052860737,0.001466644,0.000783682,0.840688705
198,100,3,3,0.000453711,0.008825428,2.919198751,1.026520729,0.052279949,0.001299336,0.000783682,0.835152388
199,100,3,3,0.000480175,0.008875935,2.69812727,1.03486681,0.055145025,0.001316395,0.000782967,0.844382048
200,100,3,3,0.000489473,0.008784075,2.680323839,1.01477623,0.065312624,0.001969109,0.000796795,0.841524363
201,150,3,3,0.000470877,0.009393805,4.247818232,1.445147038,0.072526217,0.001489606,0.00080061,1.29742837
202,150,3,3,0.000539303,0.008753072,4.23905921,1.432605743,0.078467607,0.001543026,0.000863791,1.304789305
203,150,3,3,0.000503063,0.008815168,4.233538151,1.429288387,0.071717501,0.001567111,0.00079155,1.295924425
204,150,3,3,0.000454187,0.008956691,4.320124865,1.42386055,0.071283817,0.001494646,0.000790119,1.3068645
205,150,3,3,0.000445604,0.008933652,4.321812391,1.478982449,0.07180953,0.001495307,0.000808001,1.33065176
206,150,3,3,0.000442028,0.008845787,4.234516382,1.458120584,0.072242498,0.001462143,0.000870943,1.312527657
207,150,3,3,0.000441313,0.008832536,4.240205288,1.446485519,0.073044777,0.001493862,0.000795364,1.320719481
208,150,3,3,0.000451088,0.008722453,4.22064662,1.444585085,0.081984043,0.001467247,0.000796318,1.29082036
209,150,3,3,0.000458956,0.008829379,4.283856392,1.448463202,0.087006092,0.001576538,0.000797749,1.313709021
210,150,3,3,0.000613451,0.008847523,4.25941062,1.491304398,0.085396528,0.001624999,0.000795364,1.556575298
211,150,3,3,0.000452757,0.008711225,4.253289223,1.495979786,0.081791639,0.001501199,0.000795841,1.305724621
212,150,3,3,0.000442505,0.008757628,4.2800138,1.502410173,0.086942196,0.00155983,0.000799179,1.306959152
213,150,3,3,0.000449896,0.00892621,4.2791152,1.48431778,0.085196733,0.001579798,0.000801563,1.338359118
214,150,3,3,0.00045085,0.008737729,4.199954271,1.726129055,0.085072994,0.001498292,0.000797987,1.328416824
215,150,3,3,0.000457525,0.008743078,4.349584341,1.529410124,0.080477715,0.001503239,0.000790596,1.327036619
216,150,3,3,0.000518799,0.008887881,4.349196672,1.493893385,0.077738047,0.001498799,0.00079608,1.307964563
217,150,3,3,0.000444651,0.008666259,4.252444029,1.499819994,0.08641839,0.0015296,0.000791311,1.295042038
218,150,3,3,0.000436306,0.008794276,4.24273324,1.480952501,0.088788033,0.001601841,0.000785828,1.314198017
219,150,3,3,0.000492096,0.008769046,4.309677362,1.958553553,0.119392872,0.003455472,0.000798225,2.713834047
220,150,3,3,0.00053215,0.009414581,4.303865671,1.480588436,0.078596115,0.001557714,0.000785589,1.32976985
221,150,3,3,0.000455856,0.008829522,4.368504763,1.506650209,0.078319788,0.001617198,0.000794172,1.317973137
222,150,3,3,0.000484943,0.008902213,4.23844099,1.499406338,0.077615738,0.001551312,0.000802279,1.333311796
223,150,3,3,0.001028776,0.010175622,4.366197586,1.528449297,0.08490181,0.001590527,0.000910759,1.302366257
224,150,3,3,0.000448465,0.009055176,5.122813463,1.528981209,0.077624321,0.001575511,0.000797749,1.290396452
225,150,3,3,0.000442982,0.008800526,4.222403526,1.491030931,0.077667475,0.001521769,0.000802279,1.327024937
226,150,3,3,0.000468493,0.009084997,4.329854727,1.509739399,0.078711987,0.001509515,0.000785351,1.308150053
227,150,3,3,0.000455141,0.009032599,4.299742699,1.507089376,0.07961154,0.001522649,0.000802994,1.333850861
228,150,3,3,0.000444412,0.008782066,4.202589035,1.491043806,0.082785845,0.001560818,0.000790834,1.305502415
229,150,3,3,0.00045228,0.008717182,4.205322504,1.487795353,0.077288866,0.001506065,0.000789165,1.287106037
230,150,3,3,0.000453472,0.008706617,4.213690758,1.458847046,0.084563017,0.001543287,0.000802994,1.286835909
231,150,3,3,0.000610352,0.008703566,4.302153826,1.490043163,0.079585791,0.001605426,0.000813007,1.28638339
232,150,3,3,0.000453472,0.009067955,4.303086996,1.490085363,0.077740431,0.001581233,0.000793457,1.312250853
233,150,3,3,0.000464678,0.008882327,4.277289391,1.474807978,0.089833021,0.001564027,0.000797987,1.317993164
234,150,3,3,0.000445127,0.008906245,4.267969608,1.688836098,0.07905817,0.001693355,0.000804186,1.335487366
235,150,3,3,0.000603437,0.008821031,4.261943102,1.488624334,0.078478575,0.001546493,0.00079751,1.306368113
236,150,3,3,0.000475407,0.008974954,4.229802608,1.472985983,0.079127789,0.001501112,0.000792742,1.311270475
237,150,3,3,0.00044632,0.008883123,4.260375738,1.546374083,0.081280708,0.001527479,0.001000643,1.306984425
238,150,3,3,0.000495195,0.008789914,4.231208801,1.493080378,0.081831932,0.00152271,0.000827789,1.311555147
239,150,3,3,0.000504494,0.008739629,4.249139786,1.489377737,0.079431057,0.001516004,0.000809193,1.313813686
240,150,3,3,0.000447035,0.008981293,4.236439705,1.535153627,0.077301025,0.001538486,0.001000166,1.288734198
241,150,3,3,0.00048089,0.008749127,4.228486061,1.469383717,0.08502388,0.001536897,0.000787497,1.298526764
242,150,3,3,0.000484705,0.008786537,4.261300325,1.465117455,0.077151775,0.001621133,0.00083828,1.294800758
243,150,3,3,0.000471115,0.008957192,4.438218355,1.499884367,0.083908081,0.001587588,0.00079155,1.296139956
244,150,3,3,0.000457764,0.008756099,4.241093636,1.5365026,0.077229023,0.001596568,0.000846386,1.297194481
245,150,3,3,0.000490189,0.008882523,4.218487263,1.47571969,0.078123569,0.00150959,0.000801802,1.312970161
246,150,3,3,0.001027346,0.009365958,4.326037884,1.496018171,0.078782797,0.001553047,0.000924587,1.342003584
247,150,3,3,0.000448942,0.008919757,4.398149967,1.474881649,0.078206778,0.001596616,0.000798702,1.320815325
248,150,3,3,0.000469923,0.008897648,4.272458315,1.49202466,0.080855608,0.001628192,0.000797272,1.322814226
249,150,3,3,0.000443697,0.008967916,4.238312244,1.496602535,0.077286243,0.001507026,0.000781298,1.315128326
250,150,3,3,0.000455379,0.008859965,4.245557785,1.490355015,0.079272032,0.001511583,0.001080036,1.308171988
251,150,3,3,0.000455141,0.008744548,4.371662855,1.532420874,0.079326153,0.001492414,0.001000166,1.30467391
252,150,3,3,0.000457048,0.008778642,4.268177271,1.491403341,0.079049349,0.001532264,0.00081706,1.333073378
253,150,3,3,0.000448227,0.008730141,4.238122225,1.473386526,0.078761339,0.001524693,0.00078249,1.28921771
254,150,3,3,0.000449896,0.008820504,4.303922176,1.551809072,0.079410791,0.001519613,0.000877619,1.297791958
255,150,3,3,0.000468493,0.008659099,4.221795797,1.507214069,0.081019402,0.001510906,0.000796318,1.299401045
256,150,3,3,0.000449181,0.00870546,4.202678442,1.48226285,0.080380201,0.001577017,0.000955582,1.287325382
257,150,3,3,0.000451088,0.008786025,4.247711897,1.492784262,0.078245878,0.001546814,0.000795364,1.301454306
258,150,3,3,0.000454426,0.008879091,4.253035069,1.512975216,0.07988739,0.001520009,0.000846863,1.316609621
259,150,3,3,0.000454187,0.008766085,4.213365793,1.496520758,0.082451582,0.001507937,0.00081563,1.295053482
260,150,3,3,0.000466108,0.008838835,4.276871443,1.526188612,0.080338955,0.001514227,0.000878334,1.313423395
261,150,3,3,0.000456333,0.00866041,4.234433651,1.500653028,0.078548431,0.001490995,0.000844002,1.284224272
262,150,3,3,0.00046277,0.00874122,4.231211901,1.485593319,0.082696915,0.001524293,0.000883341,1.288347483
263,150,3,3,0.000459909,0.009010336,4.294137716,1.469713449,0.087395906,0.001545901,0.000816822,1.337067842
264,150,3,3,0.000451565,0.009002895,4.33026433,1.486134052,0.084712982,0.001505928,0.000798464,1.297233105
265,150,3,3,0.000447512,0.009201986,4.371366739,1.493210793,0.078180075,0.001524094,0.001048088,1.297714949
266,150,3,3,0.000564814,0.008870602,4.215411663,1.491299391,0.088085651,0.001538192,0.000788927,1.304256916
267,150,3,3,0.000469685,0.008734573,4.203841925,1.465986013,0.07832408,0.001628036,0.00078845,1.304425955
268,150,3,3,0.000498772,0.00894098,4.241631269,1.474374056,0.081890106,0.001533276,0.000798702,1.314880133
269,150,3,3,0.00049305,0.008765645,4.225450754,1.468799353,0.077972651,0.001530145,0.000792027,1.322254181
270,150,3,3,0.000613213,0.008859132,4.229680061,1.499522448,0.086293459,0.001560988,0.000810146,1.313006639
271,150,3,3,0.000449181,0.008759642,4.226354599,1.495653391,0.085552454,0.001541667,0.000818014,1.298732042
272,150,3,3,0.000453711,0.00875747,4.212679386,1.481783152,0.079964161,0.001520049,0.000805616,1.289100647
273,150,3,3,0.000567675,0.0086806,4.286425591,1.464459181,0.085528374,0.001537383,0.000802994,1.292595148
274,150,3,3,0.00047946,0.009002819,4.285961151,1.593516588,0.078121424,0.001540847,0.000797749,1.281756163
275,150,3,3,0.000449181,0.008670828,4.184327602,1.425080776,0.071307659,0.001455928,0.000906229,1.280309677
276,150,3,3,0.000462055,0.008610191,4.235666275,1.415932178,0.072244883,0.001504701,0.000792265,1.300309896
277,150,3,3,0.000458479,0.008668782,4.191824913,1.439706802,0.084569454,0.001515552,0.000808239,1.277048111
278,150,3,3,0.000458479,0.008679369,4.144802809,1.419969797,0.072416782,0.001468356,0.000796556,1.274666548
279,150,3,3,0.000467062,0.008611267,4.190320015,1.412318707,0.078777313,0.001472305,0.000802517,1.28793478
280,150,3,3,0.000458002,0.008679393,4.20736289,1.417699814,0.076081991,0.00149291,0.000792742,1.295870304
281,150,3,3,0.000461578,0.008912792,4.252647161,1.421355486,0.072361231,0.001471416,0.000802755,1.286017179
282,150,3,3,0.000479221,0.008641297,4.228006601,1.42523098,0.071752548,0.001479804,0.000804901,1.310009718
283,150,3,3,0.000519514,0.009018691,4.431267738,1.491209507,0.080251932,0.001498968,0.00080657,1.328237057
284,150,3,3,0.0004704,0.008876494,4.189184189,1.417086124,0.074067831,0.001480713,0.000810146,1.294809818
285,150,3,3,0.00046277,0.008600221,4.162270784,1.406413317,0.071506262,0.001475541,0.000790834,1.285757542
286,150,3,3,0.000463486,0.008641246,4.159660101,1.417185307,0.073537827,0.001457753,0.000794649,1.283913851
287,150,3,3,0.00045228,0.008645806,4.176309586,1.5036726,0.078460932,0.001476378,0.000794888,1.28652668
288,150,3,3,0.000470877,0.008657077,4.177503824,1.434812069,0.071663857,0.001484102,0.000796318,1.309746027
289,150,3,3,0.000471115,0.008940008,4.208182573,1.42556262,0.07213068,0.001475817,0.000795364,1.290949106
290,150,3,3,0.0004673,0.009028616,4.195430756,1.42842555,0.071424961,0.001488913,0.000795841,1.284903049
291,150,3,3,0.000458241,0.008678872,4.199025154,1.420107365,0.081598043,0.001490461,0.000792265,1.301736832
292,150,3,3,0.000452042,0.008640138,4.170369864,1.416689157,0.071954012,0.001499168,0.000799179,1.281289816
293,150,3,3,0.000458241,0.008704022,4.644661188,1.420450449,0.077821016,0.001484865,0.000794411,1.286302567
294,150,3,3,0.000451565,0.008666339,4.180791855,1.41319108,0.071073532,0.00146944,0.000818968,1.291321516
295,150,3,3,0.000458241,0.008590446,4.15952301,1.424648523,0.071995735,0.001481884,0.000806808,1.282550335
296,150,3,3,0.000457048,0.008806585,4.201290607,1.413039207,0.072325945,0.001484553,0.00079155,1.281001329
297,150,3,3,0.000465155,0.008762139,4.179910898,1.497052908,0.072046757,0.001487759,0.000795364,1.295351505
298,150,3,3,0.000459671,0.008601731,4.223186493,1.428902626,0.071274042,0.001485165,0.001126289,1.450643063
299,150,3,3,0.000462055,0.00863884,4.172220707,1.442317009,0.080383778,0.001530825,0.000797272,1.286106348
300,150,3,3,0.000470161,0.008758141,4.180749655,1.415461302,0.071653843,0.001519915,0.000797987,1.275786877
301,150,3,3,0.000560045,0.008837511,4.446340799,1.435062647,0.072745323,0.001474458,0.000794649,1.319672108
302,150,3,3,0.000464678,0.010268005,4.330577612,1.458065271,0.07469058,0.001638602,0.000926018,1.303676844
303,150,3,3,0.000451326,0.009043857,4.252579451,1.427078009,0.07205677,0.001603807,0.000807524,1.322943211
304,150,3,3,0.000463724,0.008946578,4.241037846,1.450953722,0.073065281,0.001491534,0.00080204,1.346971512
305,150,3,3,0.000450134,0.008852708,4.32397604,1.439471245,0.071879148,0.001488705,0.000891924,1.317083359
306,150,3,3,0.0004673,0.00877991,4.413123608,1.43879962,0.071759701,0.001478477,0.00080061,1.319876671
307,150,3,3,0.000449896,0.008914255,4.342859268,1.631588221,0.072989941,0.001493761,0.000793695,1.342347622
308,150,3,3,0.000460148,0.008819199,4.260932684,1.446239471,0.071899891,0.001521277,0.000844717,1.320406437
309,150,3,3,0.000487089,0.008887938,4.270390987,1.441383362,0.071838856,0.001510472,0.00081563,1.307975769
310,150,3,3,0.000494719,0.008702555,4.529645205,1.44497776,0.071741343,0.001512043,0.001190186,1.3217659
311,150,3,3,0.000456095,0.009312847,4.279429674,1.528218508,0.07370162,0.001499995,0.000846624,1.351115704
312,150,3,3,0.000550508,0.008850325,4.220755816,1.44644475,0.071832418,0.001485731,0.000796556,1.328665972
313,150,3,3,0.000478268,0.008801681,4.24430418,1.452148199,0.073259354,0.001473131,0.000802755,1.292840481
314,150,3,3,0.000456572,0.00870108,4.244637251,1.459558964,0.076360226,0.00148129,0.00080061,1.298198938
315,150,3,3,0.000457764,0.008797936,4.233887911,1.448146343,0.078281403,0.001557458,0.000809908,1.313851357
316,150,3,3,0.000863552,0.008964128,4.242619276,1.424270868,0.072265625,0.00162563,0.000795364,1.304443598
317,150,3,3,0.000481367,0.009117699,4.446809053,1.442429543,0.07461524,0.001653056,0.000802279,1.297636032
318,150,3,3,0.000469685,0.00876883,4.252525091,1.538652658,0.078702211,0.001619212,0.00078702,1.311364651
319,150,3,3,0.00046277,0.00875188,4.236755371,1.438097239,0.072374821,0.001546137,0.00078845,1.308631182
320,150,3,3,0.00046134,0.008894865,4.262492657,1.428682566,0.071666002,0.001473083,0.000926018,1.306822062
321,150,3,3,0.000471115,0.008820073,4.264746666,1.463700056,0.071273088,0.001500125,0.000796795,1.303338528
322,150,3,3,0.000458717,0.008737919,4.226537228,1.450179577,0.074799299,0.00148025,0.000903368,1.305137396
323,150,3,3,0.000452757,0.008731103,4.259009123,1.4453547,0.080916166,0.001514223,0.00121069,1.293863773
324,150,3,3,0.000460148,0.008879531,4.3555305,1.451947689,0.074802637,0.001464256,0.000790834,1.290801764
325,150,3,3,0.000456333,0.008676599,4.250307798,1.457246304,0.079489231,0.001584058,0.000798225,1.308632851
326,150,3,3,0.000452042,0.008839393,4.291819572,1.448083401,0.077245951,0.001607982,0.000799417,1.31710577
327,150,3,3,0.000488043,0.008723423,4.244878769,1.419308186,0.072401285,0.001506801,0.000792742,1.304192543
328,150,3,3,0.000458956,0.009209154,4.22576642,1.514522552,0.071014166,0.001481778,0.000821114,1.333440781
329,150,3,3,0.000448942,0.008818808,4.283858538,1.523175001,0.072770119,0.001478027,0.000848532,1.321926594
330,150,3,3,0.000469923,0.008939873,4.253053188,1.451813221,0.072689056,0.00148867,0.000803232,1.322036266
331,150,3,3,0.000467539,0.008834583,4.259060621,1.449765921,0.072046041,0.001495743,0.000799894,1.311161518
332,150,3,3,0.000459909,0.008886887,4.255589247,1.469264269,0.074282169,0.001460559,0.000790119,1.293330193
333,150,3,3,0.000468731,0.008805372,4.235734701,1.490087748,0.077805996,0.001489091,0.000795126,1.302196026
334,150,3,3,0.000459433,0.008854766,4.218475819,1.441952467,0.076969147,0.001576918,0.000792265,1.335759878
335,150,3,3,0.000441551,0.009004043,4.252372026,1.673639536,0.076868534,0.001582952,0.000806808,1.31540513
336,150,3,3,0.000452757,0.008770808,4.268904686,1.451926947,0.079280615,0.001519723,0.000793695,1.305154324
337,150,3,3,0.000451088,0.008769929,4.256202698,1.451938391,0.07116127,0.001643955,0.000798941,1.308516502
338,150,3,3,0.000477314,0.008898735,4.235067129,1.422949314,0.071326017,0.001507068,0.000793695,1.319593668
339,150,3,3,0.000459433,0.009055831,4.239724874,1.43845129,0.071876287,0.001471616,0.000843287,1.316503286
340,150,3,3,0.000461102,0.009305153,4.352345467,1.509039402,0.074230433,0.001526162,0.000808477,1.337527752
341,150,3,3,0.000458479,0.008853046,4.231457233,1.44925642,0.071798325,0.001463124,0.000974417,1.304804802
342,150,3,3,0.000462532,0.008665776,4.234591484,1.454416513,0.071074009,0.00145483,0.000795126,1.293285131
343,150,3,3,0.000458479,0.00880198,4.274650812,1.456664562,0.075665474,0.001489922,0.000805616,1.307895899
344,150,3,3,0.000455141,0.00874543,4.225199938,1.450888395,0.080696821,0.001601885,0.000818253,1.302353144
345,150,3,3,0.00047183,0.008799068,4.231514692,1.420444965,0.071365118,0.001574151,0.000800133,1.299764633
346,150,3,3,0.000451565,0.009078108,4.390044928,1.427689552,0.072411776,0.001559712,0.000787973,1.314400911
347,150,3,3,0.000461102,0.008934293,4.24920702,1.46316433,0.071613073,0.001505744,0.000794172,1.324341774
348,150,3,3,0.000462294,0.008747258,4.21718502,1.451474428,0.075618029,0.001484928,0.000978231,1.296150684
349,150,3,3,0.000466824,0.008803393,4.260950327,1.445859671,0.071670294,0.001473215,0.00080204,1.309617281
350,150,3,3,0.000453472,0.008714945,4.205771208,1.444575548,0.080132961,0.001487424,0.000963449,1.282722235
351,150,3,3,0.000468254,0.008837759,4.27608943,1.43539691,0.123434067,0.001713867,0.00078702,1.30110693
352,150,3,3,0.000462532,0.008821448,4.236738682,1.425766945,0.071163654,0.001629462,0.000795126,1.302903891
353,150,3,3,0.000468969,0.008839197,4.248059511,1.79785037,0.079535007,0.001628408,0.000798225,1.293215275
354,150,3,3,0.000475407,0.008766398,4.923715353,1.489858866,0.076659918,0.001631373,0.000794411,1.30152297
355,150,3,3,0.000464916,0.008729701,4.179424763,1.417693138,0.07195735,0.001480613,0.000798225,1.282153368
356,150,3,3,0.000459433,0.00862336,4.154430151,1.43671298,0.071301222,0.001503002,0.000803709,1.276986361
357,150,3,3,0.000471115,0.008710233,4.254947901,1.41988492,0.078565598,0.00147655,0.000801086,1.296422243
358,150,3,3,0.000524044,0.008557895,4.162974358,1.425423384,0.07183218,0.001471899,0.000803232,1.281970978
359,150,3,3,0.000459671,0.008681013,4.174892664,1.412953138,0.072846889,0.001487355,0.00080514,1.281884909
360,150,3,3,0.000465393,0.008711206,4.177403688,1.402536869,0.071615934,0.001483742,0.00078249,1.264749289
361,150,3,3,0.000454426,0.008623304,4.170514345,1.424804211,0.072412014,0.001488473,0.000802279,1.282543421
362,150,3,3,0.00046134,0.008635135,4.264919519,1.419973135,0.071846962,0.001475679,0.000795126,1.371407986
363,150,3,3,0.000465631,0.008608487,4.17514205,1.417219877,0.073588133,0.001499519,0.000798941,1.280254364
364,150,3,3,0.000455856,0.008559667,4.158190012,1.410471201,0.071239948,0.00146472,0.000799894,1.291723728
365,150,3,3,0.000472546,0.008606747,4.185745239,1.455976009,0.071507215,0.001490536,0.000802517,1.285542011
366,150,3,3,0.001005888,0.008646331,4.171238899,1.411435604,0.077162027,0.001497153,0.000805616,1.290263653
367,150,3,3,0.000463247,0.008579491,4.145122051,1.724036217,0.071473122,0.001481217,0.000792503,1.265588284
368,150,3,3,0.000457525,0.00861015,4.271224976,1.424760818,0.07238555,0.001495447,0.000798941,1.283894539
369,150,3,3,0.000464439,0.008653204,4.143335819,1.416627884,0.07163167,0.00147639,0.000789404,1.299381971
370,150,3,3,0.000468016,0.008603141,4.174407005,1.480447769,0.07157588,0.001512367,0.000795603,1.278598309
371,150,3,3,0.000457287,0.008729215,4.196801424,1.409754515,0.072237968,0.001487064,0.000804663,1.291967154
372,150,3,3,0.000440359,0.008575824,4.137047052,1.423002243,0.073901653,0.001480589,0.000798702,1.278753996
373,150,3,3,0.000467062,0.00863207,4.160000086,1.453743219,0.071793318,0.001553396,0.000789642,1.283931494
374,150,3,3,0.000448942,0.009082384,4.157927275,1.418843031,0.072203636,0.001485182,0.000796795,1.288181067
375,150,3,3,0.000455856,0.008559422,4.146696568,1.443340778,0.080722094,0.001477167,0.000784874,1.274927139
376,150,3,3,0.000468493,0.008659628,4.185434341,1.421746254,0.073417187,0.001500537,0.000980139,1.332069874
377,150,3,3,0.000460863,0.00862473,4.152656555,1.419840813,0.071394682,0.001482913,0.000885248,1.273000717
378,150,3,3,0.000459671,0.008555358,4.180834055,1.459526777,0.071511507,0.00147438,0.000801325,1.271145344
379,150,3,3,0.000456095,0.008588886,4.155138969,1.489065409,0.072085619,0.00150444,0.000793695,1.286063194
380,150,3,3,0.000464201,0.008629088,4.164259911,1.414929152,0.072102547,0.001474266,0.00079608,1.284409046
381,150,3,3,0.00045681,0.008590299,4.221082926,1.422839165,0.085290194,0.001468883,0.000794411,1.293673992
383,150,3,3,0.000459909,0.009219149,5.129812241,1.529315233,0.081709623,0.001647193,0.000812292,1.307015657
384,150,3,3,0.00046134,0.008949827,4.387250662,1.470089912,0.084711075,0.0015884,0.000791073,1.304935217
385,150,3,3,0.000458241,0.008782612,4.536845922,1.670630693,0.07703495,0.001572247,0.000799179,1.314196587
386,150,3,3,0.000465393,0.008839294,4.418333054,1.488777637,0.078315973,0.001493996,0.00079751,1.310711861
387,150,3,3,0.000448704,0.00889949,4.313597441,1.465875387,0.076948643,0.001516884,0.000800848,1.322224617
388,150,3,3,0.000455379,0.008864671,4.254961967,1.459905386,0.073667049,0.001525718,0.000819445,1.347623587
389,150,3,3,0.000449896,0.00897915,4.248219728,1.439165354,0.073570251,0.001468099,0.000818729,1.428064585
390,150,3,3,0.00059104,0.008741922,4.242814302,1.443126678,0.072848797,0.001502816,0.000792027,1.3195858
391,150,3,3,0.00087142,0.008982549,4.251024961,1.499015331,0.076149464,0.001499246,0.000794888,1.29449892
392,150,3,3,0.000463486,0.008991178,4.442608833,1.504095793,0.078684807,0.001559992,0.00080657,1.309792519
393,150,3,3,0.000440836,0.008727169,4.291421175,1.467298508,0.075103045,0.001513815,0.000793695,1.298215389
394,150,3,3,0.000453711,0.008723332,4.317979813,1.450524569,0.072313309,0.001470621,0.000791788,1.298634768
395,150,3,3,0.000481606,0.008751005,4.499122858,1.460787773,0.073601246,0.001514252,0.000790119,1.294705629
396,150,3,3,0.000456333,0.008812421,4.247665882,1.451488256,0.081134558,0.00150785,0.000803709,1.310517788
397,150,3,3,0.000445127,0.008736531,4.211723089,1.437343359,0.071500301,0.001610985,0.000792265,1.431041718
398,150,3,3,0.000492811,0.00986105,4.315303326,1.469236612,0.077435255,0.001500093,0.000789881,1.298757553
399,150,3,3,0.000459194,0.008733398,4.232520103,1.453660965,0.071649551,0.001501662,0.000806093,1.296411991
400,150,3,3,0.000459194,0.00883465,4.266911268,1.471002817,0.07598424,0.001489048,0.001137495,1.552792549
401,150,3,3,0.000451803,0.008665152,4.238629341,1.438026905,0.072595358,0.001494753,0.000827074,1.287243366
